{"Kilometerstand": [1.0, 164.519], "Leistung": [45.0, 292.0], "CO2-Emissionen": [63.5, 211.5], "Hubraum": [1.0, 2.9709999999999996], "Anzahl Sitzpl\u00e4tze": [5.0, 5.0], "age": [-185.0, 3860.0], "availabilityDays": [-270.0, 997.0], "combined": [2.3000000000000007, 8.7], "inner": [2.2999999999999994, 11.1], "outer": [2.4, 7.200000000000001]}